Company Name,old_fv,new_fv,date,code
Shree Digvijay,100,10,24-11-1995,SHREDIGCEM
Bombay Burmah,100,10,16-11-1995,BBTC
West Coast Pap,100,10,18-07-1995,WSTCSTPAPR
Cellulose Prods,100,10,15-06-1995,NA
Tata Hydro,100,10,23-05-1995,TATAHYDRO
Andhra Valley,100,10,23-05-1995,ANDRAVALLY
Tata Power,100,10,22-05-1995,TATAPOWER
Mangal Credit,100,10,23-03-1995,NA
NOCIL,100,10,10-03-1995,NOCIL
Killick Nixon,100,10,09-03-1995,NA
Bajaj Electric,100,10,20-01-1995,BAJAJELEC
Cabot India,100,10,10-12-1996,CABOTINDIA
KFA Corporation,100,10,20-08-1996,NA
Permanent Magne,100,10,16-05-1996,PERMAGNET
Industrial Inv,100,10,09-04-1996,IITL
Baroda Electric,100,10,05-02-1996,NA
Lakshmi Finance,100,10,01-01-1996,LFIC
Baroda Rayon,100,10,13-02-1997,BARODARAYN
Zee Entertain,10,1,06-12-1999,ZEEL
Wipro,10,2,27-09-1999,WIPRO
Datapro Info,10,2,25-12-2000,DATAPROINF
Jenson Nicholso,10,2,04-12-2000,JENSONICOL
Dabur India,10,1,27-11-2000,DABUR
HCL Tech,4,2,27-11-2000,HCLTECH
Cummins,10,2,20-11-2000,CUMMINSIND
JIK Industries,10,1,13-11-2000,JIKIND
Morepen Lab,10,2,07-11-2000,MOREPENLAB
Novartis India,10,5,06-11-2000,NOVARTIND
Mastek,10,5,26-10-2000,MASTEK
Moh Granites,10,1,03-10-2000,NA
Cyberspace Info,10,2,26-09-2000,CYBERSPACE
Socrus Bio Scie,10,1,25-09-2000,NA
Sonata,10,1,25-09-2000,SONATSOFTW
Sterlite Ind,10,5,25-09-2000,STER
PharmaciaHealth,10,5,25-09-2000,PHARMACIA
Pan India Corp,10,1,18-09-2000,SRGINFOTEC
Kennametal,100,10,18-09-2000,KENNAMET
Flextronics,10,5,11-09-2000,FSS
Vatsa Corp,10,1,30-08-2000,VATSALTD
Jayant Agro-Org,10,5,21-08-2000,JAYAGROGN
Eskay Knit,10,4,21-08-2000,SHREEKRPET
Mahindra Satyam,10,2,07-08-2000,SATYAMCOMP
Elgi Equipments,10,1,02-08-2000,ELGIEQUIP
HUL,10,1,03-07-2000,HINDUNILVR
Information Tec,10,5,19-06-2000,ITIL
Computech Inter,10,5,15-05-2000,COMPUTECH
Vatsa Music,10,1,10-05-2000,VATSMUSC
BLB,10,1,02-05-2000,BLBLIMITED
Dolat Investmen,10,1,02-05-2000,DOLAT
Polaris Consult,10,5,02-05-2000,POLARIS
Infosys,10,5,24-01-2000,INFY
Socrus Bio Scie,1,10,10-12-2001,NA
Eonour Tech,10,2,26-11-2001,NA
Dr Reddys Labs,10,5,10-10-2001,DRREDDY
SKF India,100,10,01-10-2001,SKFINDIA
DSJ Comm,10,1,10-09-2001,DALALSTCOM
Credence Sound,10,2,10-09-2001,NA
Pan India Corp,1,10,20-08-2001,SRGINFOTEC
Swasti Vinayaka,10,1,30-07-2001,NA
Bhuvan Tripura,10,1,16-07-2001,NA
Vatsa Education,10,1,02-07-2001,NA
Top Telemedia,10,1,18-06-2001,NA
Alka India,10,1,04-06-2001,NA
Navyug Elect,10,1,28-05-2001,NA
Infraquest Intl,10,1,28-05-2001,NA
Kashyap Tele,10,1,30-04-2001,NA
Hero Motocorp,10,2,12-03-2001,HEROMOTOCO
Database Fin,10,1,26-02-2001,NA
ATN Telefilms,10,2,26-02-2001,NA
Cistro Telelink,10,1,19-02-2001,NA
Vikas WSP,10,1,22-01-2001,VIKASWSP
BITS,10,2,08-01-2001,NA
Patel Eng,10,5,02-01-2001,PATELENG
Intl Paper APPM,100,10,01-01-2001,IPAPPM
Harvic Manage,10,1,31-12-2002,NA
Oasis Media,10,1,30-12-2002,NA
Sanyo Impex,10,1,18-12-2002,NA
Media Matrix,10,1,15-11-2002,MMWL
Jubilant Life,10,5,12-11-2002,JUBILANT
Gufic Bio,10,1,29-10-2002,GUFICBIO
Motherson Sumi,10,5,22-10-2002,MOTHERSUMI
Goyal Associate,10,1,22-10-2002,NA
Asahi India,10,1,08-10-2002,ASAHIINDIA
Innovision eCom,10,1,07-10-2002,NA
Mega Corp,10,1,26-09-2002,NA
Balaji Telefilm,10,2,23-09-2002,BALAJITELE
Arvind Remedies,10,1,23-09-2002,ARVINDREM
Dynacons Sys,10,2,19-09-2002,DSSL
White Lion Asia,10,1,17-09-2002,NA
Hit Kit Global,10,2,13-08-2002,NA
Jump Networks,10,5,24-07-2002,JUMPNET
Seagull Leafin,10,1,28-06-2002,NA
Sanwaria Consum,10,5,11-06-2002,SANWARIA
PTL Enterprises,100,10,27-05-2002,PTL
FDC,10,1,14-05-2002,FDC
Polson,100,50,10-04-2002,NA
E.Star Info,10,2,27-03-2002,NA
Panoramic Uni,10,5,13-03-2002,PANORAMUNI
Smartlink Net,10,2,28-02-2002,SMARTLINK
Blue Chip,10,2,28-02-2002,BLUECHIP
Wadala,10,1,20-02-2002,GFL
Infraquest Intl,1,10,14-02-2002,NA
Shiva Cement,10,2,30-01-2002,NA
Top Telemedia,1,10,09-01-2002,NA
Sterling Bio,10,2,07-01-2002,STERLINBIO
Soundcraft Ind,10,2,07-01-2002,SOUNDCRAFT
Fourth Gen Info,10,2,07-01-2002,NA
Havells India,10,5,30-12-2003,HAVELLS
Deccan Gold,10,1,22-12-2003,NA
Jindal Steel,10,5,22-12-2003,JINDALSTEL
TVS Motor,10,1,18-12-2003,TVSMOTOR
Sagar Product,10,1,16-12-2003,NA
Mirc Electronic,10,1,16-12-2003,MIRCELECTR
LG Balakrishnan,10,1,09-12-2003,LGBBROSLTD
NESCO,100,10,04-12-2003,NESCO
Baffin Engg,10,1,02-12-2003,NA
Bayer CropScien,100,10,24-11-2003,BAYERCROP
Shukun Cons,10,1,18-11-2003,NA
Amraworld,10,1,18-11-2003,NA
Amardeep,10,1,18-11-2003,NA
Ramco Cements,100,10,06-11-2003,RAMCOCEM
Aurobindo Pharm,10,5,23-10-2003,AUROPHARMA
Glenmark,10,2,23-10-2003,GLENMARK
Platinum Corp,10,1,23-09-2003,NA
T Spirutual,10,2,11-08-2003,NA
Sun Techno,10,1,15-07-2003,NA
Shalimar Prod,10,1,03-07-2003,NA
Eltrol,10,1,22-04-2003,NA
Syschem India,10,1,22-04-2003,NA
Panacea Biotec,10,1,03-02-2003,PANACEABIO
Khyati Multimed,10,1,03-02-2003,NA
Sat Ind,10,2,27-01-2003,NA
Venus Universal,10,3,23-01-2003,NA
Mafatlal Ind,100,10,22-01-2003,MAFATLAIND
Sunitee Chem,10,1,13-01-2003,NA
Sun Pharma,10,5,13-01-2003,SUNPHARMA
Piramal Enter,10,2,27-12-2004,PEL
Marsons,10,2,24-12-2004,NA
SPML Infra,10,2,19-11-2004,SPMLINFRA
Venlon Polyeste,10,5,27-10-2004,VENLONPOLY
Patel Eng,5,1,25-10-2004,PATELENG
Amtek Auto,10,2,05-10-2004,AMTEKAUTO
Perfect Circle,8,1,23-09-2004,NA
JTEKT India ,10,2,24-08-2004,JTEKTINDIA
Berger Paints,10,2,24-08-2004,BERGEPAINT
Indian Hume,100,10,24-08-2004,INDIANHUME
Carborundum,10,2,16-08-2004,CARBORUNIV
Adani Enterpris,10,1,28-07-2004,ADANIENT
Shanthi Gears,10,1,27-07-2004,SHANTIGEAR
JagsonpalPharma,10,5,20-07-2004,JAGSNPHARM
Bosch,100,10,08-07-2004,BOSCHLTD
Ashok Leyland,10,1,28-06-2004,ASHOKLEY
Cipla,10,2,11-05-2004,CIPLA
Bajaj Hindustha,10,1,28-04-2004,BAJAJHIND
Wockhardt,10,5,28-04-2004,WOCKPHARMA
Radaan Media,10,2,08-04-2004,RADAAN
Addi Industries,10,5,06-04-2004,NA
Hazoor,2,4,23-03-2004,NA
Motherson Sumi,5,1,16-03-2004,MOTHERSUMI
Unichem Labs,10,5,16-03-2004,UNICHEMLAB
Suprajit Eng,10,5,16-03-2004,SUPRAJIT
Jindal Stainles,10,2,01-03-2004,JSL
Emami,10,2,16-02-2004,EMAMILTD
Bhansali Eng,10,1,16-02-2004,BEPL
HSIL,10,5,10-02-2004,HSIL
Sundram,10,1,27-01-2004,SUNDRMFAST
Aftek,10,2,20-01-2004,AFTEK
Suven Life Sci,10,2,15-01-2004,SUVEN
Sri Adhikari,10,2,30-12-2005,SABTN
Gabriel India,10,1,30-12-2005,GABRIEL
HSIL,5,2,30-12-2005,HSIL
Smiths & Found,10,1,27-12-2005,NA
Protochem,10,1,23-12-2005,NA
G-Tech Info,10,1,21-12-2005,NA
Sheetal Sec,10,1,19-12-2005,NA
Phoenix Mills,100,10,09-12-2005,PHOENIXLTD
Madhucon Proj,10,2,02-12-2005,MADHUCON
Ventura Text,10,1,02-12-2005,NA
Bellary Steel,10,1,02-12-2005,BELLARYSTL
Vertex Spinning,10,1,11-11-2005,NA
Sundaram Multi,10,1,09-11-2005,SUNDARAM
Vidhi Spec,10,1,08-11-2005,VIDHIING
Hind Constr,10,1,08-11-2005,HCC
Kitex Garments,10,1,07-11-2005,KITEX
DMC Education,10,5,07-11-2005,NA
Cranes Software,10,2,02-11-2005,CRANESSOFT
Nandan Denim,10,1,02-11-2005,NDL
Jaipan Inds,10,1,02-11-2005,NA
Linkhouse Ind,10,1,02-11-2005,NA
Rujul Finance,10,2,31-10-2005,NA
Gopala Poly,10,5,31-10-2005,NA
Zenith Health,10,1,28-10-2005,NA
Assam Company,10,1,28-10-2005,ASSAMCO
Divine Multi,10,1,27-10-2005,NA
Globus Corp,10,2,27-10-2005,KARUNACAB
Dalmia Sugar,10,2,27-10-2005,DALMIASUG
Jayant Mercanti,10,1,27-10-2005,NA
CHD Developers,10,2,26-10-2005,NA
Sterling Webnet,10,1,26-10-2005,NA
BAMPSL Sec,10,1,26-10-2005,NA
Paras Petro,10,1,26-10-2005,PARASPETRO
Indo Pacific,10,1,26-10-2005,NA
Sterling Intl,10,1,26-10-2005,NA
Alchemist,10,1,26-10-2005,ALCHEM
ISF,10,1,24-10-2005,NA
ConfidencePetro,10,1,24-10-2005,CONFIPET
Gangotri Textil,10,5,24-10-2005,GANGOTRI
Dishman Pharma,10,2,21-10-2005,DPC02
Swasti Vinayaka,10,1,21-10-2005,NA
Bisil Plast,10,1,20-10-2005,NA
Kajaria Ceramic,10,2,19-10-2005,KAJARIACER
Luminaire Tech,10,1,18-10-2005,STRAUSIND
Ontrack Systems,10,1,14-10-2005,NA
Himatsingka Sei,10,5,14-10-2005,HIMATSEIDE
GFL,10,2,10-10-2005,GFLLIMITED
Ultramarine,10,2,10-10-2005,ULTRMARINE
Sintex Ind,10,2,10-10-2005,SINTEX
Taj GVK Hotels,10,2,10-10-2005,TAJGVK
Newtime Infra,10,1,07-10-2005,NA
Astra Microwave,10,2,07-10-2005,ASTRAMICRO
DCM Shriram,10,2,07-10-2005,DCMSHRIRAM
Empower India,10,1,06-10-2005,NA
Millennium Cybe,10,1,03-10-2005,NA
Manugraph Ind,10,2,03-10-2005,MANUGRAPH
Veerhealth Care,10,1,28-09-2005,NIYATILEAS
BLS Infotech,10,1,28-09-2005,NA
UPL,10,2,27-09-2005,UPL
Sambhaav Media,10,1,26-09-2005,SAMBHAAV
Nila Infra,10,1,26-09-2005,NILAINFRA
Jay BharatMarut,10,5,23-09-2005,JAYBARMARU
Shrenuj and Co,10,2,23-09-2005,SHRENUJ
ITC,10,1,21-09-2005,ITC
Pidilite Ind,10,1,20-09-2005,PIDILITIND
DCW,10,2,20-09-2005,DCW
Chandni Textile,10,1,19-09-2005,NA
KSL & Ind,10,4,16-09-2005,NA
Rajesh Exports,10,2,09-09-2005,RAJESHEXPO
Bharat Bijlee,100,10,09-09-2005,BBL
Castex Tech,10,2,08-09-2005,CASTEXTECH
Ind Tra Deco,10,1,02-09-2005,INDTRADECO
Hindalco,10,1,30-08-2005,HINDALCO
Kedia Infotech,10,1,26-08-2005,NA
Aeonian Pub,10,2,25-08-2005,NA
Nava Bharat Ven,10,2,24-08-2005,NBVENTURES
NCC,10,2,24-08-2005,NCC
Sumeru Ind,10,1,22-08-2005,NA
OM Metals Infra,10,1,22-08-2005,OMMETALS
Shasun Pharma,10,2,19-08-2005,SHASUNPHAR
Koa Tools,10,2,19-08-2005,NA
Mazda,10,2,18-08-2005,MAZDA
Praj Industries,10,2,17-08-2005,PRAJIND
Orient Abrasive,10,1,16-08-2005,ORIENTABRA
Landmarc Corp,10,1,12-08-2005,NA
Lahoti Over,10,2,12-08-2005,NA
Kirloskar Bros,10,2,10-08-2005,KIRLOSBROS
Kirloskar Ind,10,2,10-08-2005,KIRLOSIND
Geometric,10,2,02-08-2005,GEOMETRIC
Filmcity Media,10,1,25-07-2005,NA
Ranbaxy Labs,10,5,25-07-2005,RANBAXY
Faze Three Exp,10,2,22-07-2005,FAZETHREE
Mindvision Cap,10,5,21-07-2005,NA
Bharat Forge,10,2,20-07-2005,BHARATFORG
Interface Fin,10,1,18-07-2005,NA
Firstobject Tec,10,1,15-07-2005,NA
Zigma Software,10,1,13-07-2005,NA
HCL Info,10,2,08-07-2005,HCL-INSYS
IKF Tech,10,1,04-07-2005,NA
Asahi Infra,10,1,04-07-2005,NA
IFSL,10,1,01-07-2005,NA
Ugar Sugar Work,10,1,29-06-2005,UGARSUGAR
SGN Cable,10,1,23-06-2005,NA
Brijlaxmi Lease,10,1,22-06-2005,NA
Systel Infotech,10,1,20-06-2005,NA
Hinafil India,10,1,20-06-2005,NA
Ambuja Cements,10,2,20-06-2005,AMBUJACEM
Greenply Ind,10,5,16-06-2005,GREENPLY
Diana Tea,10,2,13-06-2005,NA
Sapan Chemicals,10,1,02-06-2005,NA
Global Films,10,1,30-05-2005,NA
Cat Technologie,10,1,30-05-2005,NA
EID Parry,10,2,27-05-2005,EIDPARRY
Aban Offshore,10,2,04-05-2005,ABAN
Ind-Swift,10,2,29-04-2005,INDSWFTLTD
Hexaware Tech,10,2,28-04-2005,HEXAWARE
Ruchinfra,10,1,21-04-2005,RUCHINFRA
Kanika Infocom,10,2,15-04-2005,NA
Aadhaar Venture,10,1,11-04-2005,NA
JB Chemicals,10,2,05-04-2005,JBCHEPHARM
Balrampur Chini,10,1,23-03-2005,BALRAMCHIN
Eskay Knit,4,1,22-03-2005,SHREEKRPET
Krishna Life,10,1,22-03-2005,SHREEKRPOL
Sterling Bio,2,1,18-03-2005,STERLINBIO
Shivalik Bimeta,10,2,15-03-2005,NA
Gammon India,10,2,15-03-2005,GAMMONIND
LCC Infotech,10,2,14-03-2005,LCCINFOTEC
Fast Track,10,1,11-03-2005,NA
Rico Auto,10,1,11-03-2005,RICOAUTO
Pondy Oxides,10,2,09-03-2005,PONDYOXIDE
Birlasoft,10,5,03-03-2005,BSOFT
Trimline Invt,10,1,25-02-2005,NA
Vishal Exports,5,1,25-02-2005,VISHALEXPO
Bhagyanagar Ind,10,2,24-02-2005,BHAGYANGR
Surana Telecom,10,5,24-02-2005,SURANAT&P
Geodesic,10,2,18-02-2005,GEODESIC
Interworld,10,1,14-02-2005,NA
Silicon Valley,10,1,11-02-2005,PRASGLOFIN
Triveni Engg,10,1,08-02-2005,TRIVENI
GV Films,10,1,08-02-2005,NA
Mercator,10,1,24-01-2005,MERCATOR
Vijay Textiles,10,1,19-01-2005,NA
Doctor Biotech,10,1,18-01-2005,NA
Matrix Lab,10,2,13-01-2005,MATRIXLABS
HT Media,10,2,28-12-2006,HTMEDIA
KEI Industries,10,2,21-12-2006,KEI
Lakshmi Energy,10,2,15-12-2006,LAKSHMIEFL
Lakshmi Machine,100,10,13-12-2006,LAXMIMACH
Future Ent,10,2,12-12-2006,FEL
FEL,10,2,12-12-2006,FELDVR
Graphite India,10,2,11-12-2006,GRAPHITE
Sanwaria Consum,5,2,08-12-2006,SANWARIA
Transport Corp,10,2,05-12-2006,TCI
Alicon Castallo,10,5,04-12-2006,ALICON
Jaipan Inds,1,10,24-11-2006,NA
Supreme Tex,10,5,17-11-2006,SUPREMETEX
Shreejal Info,10,1,14-11-2006,NA
Mazda,2,10,13-11-2006,MAZDA
Indian Hotels,10,1,27-10-2006,INDHOTEL
GMM Pfaudler,10,2,20-10-2006,GMMPFAUDLR
Ontrack Systems,1,10,19-10-2006,NA
Cat Technologie,1,10,19-10-2006,NA
Elecon Eng,10,2,17-10-2006,ELECON
Munjal Showa,10,2,16-10-2006,MUNJALSHOW
Swan Energy,100,2,13-10-2006,SWANENERGY
Manali Petro,10,5,28-09-2006,MANALIPETC
Navneet,10,2,27-09-2006,NAVNETEDUL
Alembic,10,2,26-09-2006,ALEMBICLTD
Geojit Fin,10,1,26-09-2006,GEOJITFSL
Voltas,10,1,22-09-2006,VOLTAS
Blue Star,10,2,20-09-2006,BLUESTARCO
Panyam Cements,100,10,13-09-2006,PANYAMCEM
Simplex Infra,10,2,13-09-2006,SIMPLEXINF
EIH,10,2,12-09-2006,EIHOTEL
Exide Ind,10,1,08-09-2006,EXIDEIND
Hotel Leela,10,2,08-09-2006,HOTELEELA
Super Spinning,10,1,01-09-2006,SUPERSPIN
Godrej Ind,6,1,25-08-2006,GODREJIND
Godrej Consumer,4,1,24-08-2006,GODREJCP
Gemini Comm,10,5,18-08-2006,GEMINI
GV Films,1,10,16-08-2006,NA
CG Power ,10,2,10-08-2006,CGPOWER
SVC Resources,10,2,03-08-2006,NA
Bajaj Hind Sug,10,1,31-07-2006,NA
Anuh Pharma,10,5,31-07-2006,NA
Jyoti Structure,10,2,28-07-2006,JYOTISTRUC
Cyient,10,5,28-07-2006,CYIENT
Unitech,10,2,23-06-2006,UNITECH
AstraZeneca,10,2,15-06-2006,ASTRAZEN
Siemens,10,2,13-06-2006,SIEMENS
United Brewerie,10,1,09-06-2006,UBL
Birla Capital,10,2,08-06-2006,NA
Essel Propack,10,2,08-06-2006,ESSELPACK
Cholamandalam,10,2,31-05-2006,CHOLAHLDNG
Monozyme,10,5,30-05-2006,NA
Hind Dorr-Olive,10,2,26-05-2006,HINDDORROL
Grindwell Norto,10,5,26-05-2006,GRINDWELL
National Perox,100,10,26-05-2006,NATPEROXID
Ansal Propertie,10,5,10-05-2006,ANSALAPI
Sterlite Ind,5,2,05-05-2006,STER
Mah Seamless,10,5,18-04-2006,MAHSEAMLES
AshirwadCapital,10,1,03-04-2006,NA
Thermax,10,2,31-03-2006,THERMAX
IVRCL,10,2,29-03-2006,IVRCLINFRA
Harig Crankshaf,10,1,29-03-2006,HARIGCRANK
Ashapura Mine,10,2,23-03-2006,ASHAPURMIN
Commex Tech,10,2,21-03-2006,NA
Gati,10,2,21-03-2006,GATI
Jubilant Life,5,1,17-03-2006,JUBILANT
Chemplast Sanma,10,1,08-03-2006,CHEMPLAST
KCP Sugar,10,1,08-03-2006,KCPSUGIND
Supertex Ind,10,1,08-03-2006,NA
Jaybharat Text,10,5,03-03-2006,NA
Vimta Labs,10,2,24-02-2006,VIMTALABS
Torrent Pharma,10,5,20-02-2006,TORNTPHARM
VIP Clothing,10,2,16-02-2006,VIPCLOTHNG
Religare Tech,10,5,15-02-2006,NA
Lincoln Pharma,10,2,08-02-2006,LINCOLN
Donear Ind,10,2,27-01-2006,DONEAR
Netlink Sol,10,1,13-01-2006,NA
Aarti Ind,10,5,13-01-2006,AARTIIND
Action Financia,10,1,10-01-2006,NA
Guj Amb Exports,10,2,06-01-2006,GAEL
Antarctica,10,1,06-01-2006,ANTGRAPHIC
Radico Khaitan,10,2,06-01-2006,RADICO
Prime Property,10,5,02-01-2006,NA
Coromandel Int,10,2,02-01-2006,COROMANDEL
Kanoria Chem,10,5,31-12-2007,KANORICHEM
Jaiprakash Asso,10,2,17-12-2007,JPASSOCIAT
Kriti Ind,10,1,13-12-2007,KRITIIND
Chandni Textile,1,10,30-11-2007,NA
Lancor Holdings,10,2,26-11-2007,NA
Banco Products,10,2,23-11-2007,BANCOINDIA
Subros,10,2,20-11-2007,SUBROS
Zigma Software,1,10,19-11-2007,NA
Guj Mineral,10,2,08-11-2007,GMDCLTD
Ruchi Soya,10,2,29-10-2007,RUCHISOYA
Vipul,10,2,29-10-2007,VIPULLTD
West Coast Pap,10,2,26-10-2007,WSTCSTPAPR
GOCL Corp,10,2,26-10-2007,GOCLCORP
Sri Adhikari,2,10,25-10-2007,SABTN
Birla Precision,10,2,24-10-2007,NA
Faze Three Exp,2,10,24-10-2007,FAZETHREE
ICSA,10,2,23-10-2007,ICSA
Advani Hotels,10,2,22-10-2007,ADVANIHOTR
Asian Electroni,10,5,22-10-2007,ASIANELEC
BL Kashyap,10,5,22-10-2007,BLKASHYAP
Lloyds Metals,10,2,19-10-2007,LLOYDMETAL
Peninsula Land,10,2,16-10-2007,PENINLAND
Arshiya,10,2,12-10-2007,ARSHIYA
Man Industries,10,5,09-10-2007,MANINDS
Anant Raj,10,2,08-10-2007,ANANTRAJ
Compucom Soft,10,2,08-10-2007,COMPUSOFT
Jai Corp,10,1,05-10-2007,JAICORPLTD
Shilpa,10,2,28-09-2007,SHILPAMED
GMR Infra,10,2,28-09-2007,GMRINFRA
Batliboi,10,5,26-09-2007,BATLIBOI
Amara Raja Batt,10,2,19-09-2007,AMARAJABAT
Electrosteel,10,1,17-09-2007,ELECTCAST
Ahluwalia,10,2,14-09-2007,AHLUCONT
Glenmark,2,1,10-09-2007,GLENMARK
Usha Martin,5,1,29-08-2007,USHAMART
Hind Rectifiers,10,2,28-08-2007,HIRECT
NIIT,10,2,24-08-2007,NIITLTD
Sanghvi Movers,10,2,23-08-2007,SANGHVIMOV
Everest Kanto,10,2,21-08-2007,EKC
Matra Realty,10,5,17-08-2007,NA
Apollo Tyres,10,1,17-08-2007,APOLLOTYRE
Divis Labs,10,2,03-08-2007,DIVISLAB
Modison Metals,10,1,03-08-2007,NA
Easun Reyrl,10,2,31-07-2007,EASUNREYRL
Sun TV Network,10,5,23-07-2007,SUNTV
KS Oils,10,1,18-07-2007,KSOILS
Satra Prop,10,2,09-07-2007,NA
Alchemist,1,10,05-07-2007,ALCHEM
Bharat Seats,10,2,28-06-2007,NA
ABB India,10,2,28-06-2007,ABB
CORE Education,10,2,06-06-2007,COREEDUTEC
Huhtamaki PPL,10,2,25-05-2007,PAPERPROD
Thomas Cook,10,1,14-05-2007,THOMASCOOK
Mirza Intl,10,2,24-04-2007,MIRZAINT
Action Financia,1,10,23-04-2007,NA
Punj Lloyd,10,2,29-03-2007,PUNJLLOYD
NRB Bearings,10,2,26-03-2007,NRBBEARING
Suven Life Sci,2,1,23-03-2007,SUVEN
Minaxi Textiles,10,1,21-03-2007,NA
Bombay SwadShar,10,2,20-03-2007,NA
Sapan Chemicals,1,10,15-03-2007,NA
Nirma,10,5,14-03-2007,NIRMA
DeccanChronicle,10,2,13-03-2007,DCHL
Prime Urban Dev,10,2,13-03-2007,NA
Max Financial,10,2,12-03-2007,MFSL
Marico,10,1,21-02-2007,MARICO
Gokaldas Export,10,5,08-02-2007,GOKEX
JIK Industries,1,10,07-02-2007,JIKIND
Paramount Comm,10,2,25-01-2007,PARACABLES
Alka Secur,10,2,15-01-2007,NA
Pondy Oxides,2,10,15-01-2007,PONDYOXIDE
Jaybharat Text,5,2,09-01-2007,NA
CNI Research,10,1,08-01-2007,NA
Finolex Cables,10,2,08-01-2007,FINCABLES
Birlasoft,5,2,04-01-2007,BSOFT
Allied Computer,10,1,19-12-2008,NA
Jyothy Labs,5,1,12-12-2008,JYOTHYLAB
Koffee Break,10,1,08-12-2008,NA
State Bk Travan,100,10,05-12-2008,SBT
Sybly Ind,10,1,02-12-2008,NA
Khyati Multimed,1,10,24-11-2008,NA
Shri Dinesh Mil,100,10,20-11-2008,SHRIDINESH
Nectar Life,10,1,12-11-2008,NECLIFE
Jindal Drilling,10,5,06-11-2008,JINDRILL
Ratnamani Metal,10,2,06-11-2008,RATNAMANI
Mobile Tele,10,1,31-10-2008,NA
Time Techno,10,1,29-10-2008,TIMETECHNO
Skyline Millars,10,1,27-10-2008,NA
GE T&D India,10,2,22-10-2008,GET&D
Country Club,10,2,15-10-2008,CCHHL
AIA Engineering,10,2,13-10-2008,AIAENG
State B Bikaner,100,10,07-10-2008,SBBJ
Provogue,10,2,03-10-2008,PROVOGE
Ramco Cements,10,1,01-10-2008,RAMCOCEM
Take Solutions,10,1,18-09-2008,TAKE
Bafna Spinning,10,5,18-09-2008,NA
Hercules Hoists,10,1,17-09-2008,HERCULES
Gemini Comm,5,1,17-09-2008,GEMINI
Era Infra Eng,10,2,17-09-2008,ERAINFRA
Adinath Bio-Lab,10,1,15-09-2008,NA
AI Champdany,10,5,11-09-2008,AICHAMP
JM Financial,10,1,08-09-2008,JMFINANCIL
JTEKT India ,2,1,02-09-2008,JTEKTINDIA
Mavens Biotech,10,1,25-08-2008,NA
Kokuyo Camlin,10,1,22-08-2008,KOKUYOCMLN
GS Auto,10,5,20-08-2008,NA
IIFL Finance,10,2,08-08-2008,IIFL
Vedanta,10,1,08-08-2008,VEDL
Graviss Hosp,10,2,04-08-2008,NA
Diana Tea,2,5,30-07-2008,NA
Motilal Oswal,5,1,25-07-2008,MOTILALOFS
Hatsun Agro,10,2,17-07-2008,HATSUN
Madras Aluminiu,10,2,17-07-2008,MALCO
Tricom India,10,2,15-07-2008,TRICOM
Millennium Cybe,1,10,14-07-2008,NA
Fast Track,1,10,14-07-2008,NA
AB Money,10,1,11-07-2008,BIRLAMONEY
Eastern Silk,10,2,27-06-2008,EASTSILK
MIC Electronics,10,2,27-06-2008,MIC
Tribhuvan House,10,5,02-06-2008,NA
Cals Refineries,10,1,28-05-2008,NA
Dollex Ind,10,5,12-05-2008,NA
Tanla Solutions,2,1,02-05-2008,TANLA
Evinix,10,1,29-04-2008,EVINIX
Alchemist Real,10,2,25-04-2008,NA
CenturyPlyboard,10,1,24-04-2008,CENTURYPLY
NMDC,10,1,10-04-2008,NMDC
Shree Renuka,10,1,10-04-2008,RENUKA
Karuturi Global,10,1,04-04-2008,KGL
Crazy Infotech,10,1,28-03-2008,NA
Super Tannery,10,2,19-03-2008,NA
Gandhi Spl Tube,10,5,17-03-2008,GANDHITUBE
Emco,10,2,14-03-2008,EMCO
Action Const,10,2,13-03-2008,ACE
Marksans Pharma,10,1,11-03-2008,MARKSANS
Bliss GVS,10,1,11-03-2008,BLISSGVS
Pudumjee Ind,10,2,11-03-2008,3PLAND
PTL Enterprises,10,2,25-02-2008,PTL
Walchandnagar,10,2,25-02-2008,WALCHANNAG
TV18 Broadcast,10,2,21-02-2008,TV18BRDCST
Triton Corp,2,1,18-02-2008,NA
KPT Industries,10,5,14-02-2008,NA
Phoenix Mills,10,2,13-02-2008,PHOENIXLTD
GVK Power,10,1,08-02-2008,GVKPIL
Sanwaria Consum,2,1,04-02-2008,SANWARIA
GFL,2,1,01-02-2008,GFLLIMITED
Orient Paper,10,1,01-02-2008,ORIENTPPR
Asian Films,10,1,30-01-2008,NA
Rajesh Exports,2,1,29-01-2008,RAJESHEXPO
Modern India,10,2,25-01-2008,NA
City Union Bank,10,1,23-01-2008,CUB
T Spirutual,2,10,23-01-2008,NA
Cinevista,10,2,22-01-2008,CINEVISTA
Suzlon Energy,10,2,21-01-2008,SUZLON
Jindal Steel,5,1,21-01-2008,JINDALSTEL
Delta Corp,10,1,15-01-2008,DELTACORP
Classic Diamond,10,2,11-01-2008,CLASSIC
GEE,10,2,10-01-2008,NA
JagranPrakashan,10,2,09-01-2008,JAGRAN
Rujul Finance,2,10,31-12-2009,NA
Nu Tek India,10,5,23-12-2009,NUTEK
Firstobject Tec,1,10,22-12-2009,NA
Kanani Ind,10,5,22-12-2009,KANANIIND
JK Lakshmi Cem,10,5,17-12-2009,JKLAKSHMI
Gennex Labs,10,1,14-12-2009,NA
Intl Conveyor,10,1,10-12-2009,NA
Kwality,10,1,10-12-2009,KWALITY
Jindal Saw,10,2,10-12-2009,JINDALSAW
Munoth Capital,10,5,09-12-2009,NA
Ashco Niulab,10,1,08-12-2009,ASHCONIUL
Flawless Diamon,10,1,03-12-2009,NA
Vintron Ind,10,1,27-11-2009,NA
HBL Power,10,1,24-11-2009,HBLPOWER
Allcargo,10,2,19-11-2009,ALLCARGO
Sigrun Holdings,10,1,19-11-2009,NA
Hind Nat Glass,10,2,12-11-2009,HINDNATGLS
Allied Digital,10,5,11-11-2009,ADSL
Madhucon Proj,2,1,05-11-2009,MADHUCON
Yantra Natural,10,1,04-11-2009,NA
Vinati Organics,10,2,30-10-2009,VINATIORGA
Baba Arts,4,1,29-10-2009,NA
KCL Infrra,100,2,29-10-2009,NA
Sturdy Ind,10,2,29-10-2009,NA
Educomp Sol,10,2,27-10-2009,EDUCOMP
Gammon Infra,10,2,26-10-2009,GAMMNINFRA
REI Six Ten,10,2,26-10-2009,REISIXTEN
Birla Cotsyn,10,1,23-10-2009,BIRLACOT
FCS Software,10,1,15-10-2009,FCSSOFT
Trimurthi,10,1,15-10-2009,NA
Comfort,10,1,14-10-2009,NA
Marsons,2,10,14-10-2009,NA
Gokul Refoils,10,2,14-10-2009,GOKUL
Sunteck Realty,10,2,09-10-2009,SUNTECK
Supertex Ind,10,1,08-10-2009,NA
Menon Bearings,10,5,08-10-2009,MENONBE
GMR Infra,2,1,01-10-2009,GMRINFRA
SKS,2,10,25-09-2009,SKSIND
Falcon Tyres,10,5,25-09-2009,FALCONTYRE
Arcotech,2,10,25-09-2009,ARCOTECH
Winsome Textile,10,1,24-09-2009,NA
MVL,10,2,18-09-2009,MVL
Rajoo Engineers,10,1,17-09-2009,NA
ILandFS,10,2,16-09-2009,IVC
Ramcoind,10,1,14-09-2009,RAMCOIND
Anjani Synth,10,1,08-09-2009,NA
Veer Energy,10,1,04-09-2009,NA
SJ Corporation,10,1,28-08-2009,NA
Zyden Gentec,10,1,27-08-2009,NA
Ashtavinayak,10,1,20-08-2009,SHREEASHTA
ACIL Cotton Ind,10,5,14-08-2009,NA
Austral Coke,10,1,07-08-2009,AUSTRAL
KGN Industries,10,1,07-08-2009,NA
Avance Tech,10,1,03-08-2009,NA
Radhe Developer,10,1,30-07-2009,NA
Bharti Airtel,10,5,24-07-2009,BHARTIARTL
JMD Ventures,10,1,03-07-2009,NA
Indiaco Venture,10,2,19-06-2009,NA
Good Luck,10,2,12-06-2009,GOODLUCK
Anus Labs,10,1,11-05-2009,NA
Alka Secur,2,1,06-05-2009,NA
Birla Power Sol,10,1,24-04-2009,BIRLAPOWER
AMJ Land ,10,2,23-03-2009,AMJLAND
Lincoln Pharma,2,10,19-03-2009,LINCOLN
Sarang Chem,10,1,17-03-2009,NA
Coral Hub,10,1,27-02-2009,CORAL-HUB
Trinethra Infra,10,2,26-02-2009,NA
Rei Agro,10,1,05-02-2009,REIAGROLTD
Spectacle,10,1,23-01-2009,SPECTACLE
Sanraa Media,10,1,20-01-2009,NA
State Bk Mysore,100,10,07-01-2009,MYSOREBANK
Texmaco Infra,10,1,01-01-2009,TEXINFRA
LIC Housing Fin,10,2,30-12-2010,LICHSGFIN
KEC Intl,10,2,30-12-2010,KEC
SVC Resources,2,1,29-12-2010,NA
Coromandel Int,2,1,23-12-2010,COROMANDEL
Surya Pharma,10,1,23-12-2010,SURYAPHARM
EID Parry,2,1,23-12-2010,EIDPARRY
Balkrishna Ind,10,2,20-12-2010,BALKRISIND
Tribhuvan House,5,1,13-12-2010,NA
ACIL Cotton Ind,5,1,09-12-2010,NA
Sadbhav Engg,10,1,07-12-2010,SADBHAV
Sun Pharma,5,1,25-11-2010,SUNPHARMA
Greaves Cotton,10,2,24-11-2010,GREAVESCOT
Balaji Amines,10,2,18-11-2010,BALAMINES
MVL,2,1,16-11-2010,MVL
Somany Ceramics,10,2,11-11-2010,SOMANYCERA
Oriental Hotels,10,1,10-11-2010,ORIENTHOT
Standard Batter,1,1,09-11-2010,STANDRDBAT
JVL Agro Ind,10,1,09-11-2010,JVLAGRO
Global Cap Mkts,10,1,08-11-2010,NA
Atlanta,10,2,08-11-2010,ATLANTA
Himadri Special,10,1,08-11-2010,HSCL
Nitin Fire Prot,10,2,04-11-2010,NITINFIRE
Super Tannery,2,1,04-11-2010,NA
Asahi Infra,1,10,03-11-2010,NA
IFL Promoters,10,5,03-11-2010,NA
Archies,10,2,02-11-2010,ARCHIES
Gangotri Iron,10,5,29-10-2010,NA
Jain Irrigation,10,2,29-10-2010,JISLJALEQS
Paisalo Digital,10,2,05-04-2010,PAISALO
JISL,10,2,29-10-2010,JISLDVREQS
Prime Focus,10,1,29-10-2010,PFOCUS
Sintex Ind,2,1,27-10-2010,SINTEX
Genus Power,10,1,22-10-2010,GENUSPOWER
Unichem Labs,5,2,21-10-2010,UNICHEMLAB
Sezal Glass,10,1,21-10-2010,SEZAL
Supreme Ind,10,2,18-10-2010,SUPREMEIND
Parsvnath,10,5,18-10-2010,PARSVNATH
Ram Ratna Wires,10,5,14-10-2010,NA
Responsive Ind,10,1,08-10-2010,RESPONIND
Diamant Infra,10,2,07-10-2010,NA
Rockon Fintech,10,5,06-10-2010,NA
Trimurthi,1,10,04-10-2010,NA
Aqua Logistics,10,1,01-10-2010,AQUA
BL Kashyap,5,1,29-09-2010,BLKASHYAP
Tirupati Sarjan,10,5,28-09-2010,NA
Nissan Copper,10,1,27-09-2010,NCOPPER
Shree Nath Comm,10,1,24-09-2010,NA
DB (Int) Stock,10,2,24-09-2010,DBSTOCKBRO
Adani Ports,10,2,23-09-2010,ADANIPORTS
Aarya Global,10,1,23-09-2010,NA
Mahalaxmi Rub,10,1,23-09-2010,NA
Arihant Capital,10,5,23-09-2010,NA
South Ind Bk,10,1,23-09-2010,SOUTHBANK
Ashco Niulab,1,10,21-09-2010,ASHCONIUL
Tata Steel BSL ,10,2,21-09-2010,TATASTLBSL
Astral Poly Tec,10,5,15-09-2010,ASTRAL
Resurgere Mines,10,1,15-09-2010,RMMIL
Kotak Mahindra,10,5,13-09-2010,KOTAKBANK
Kalpataru Power,10,2,08-09-2010,KALPATPOWR
Britannia,10,2,08-09-2010,BRITANNIA
Shree Rang Mark,10,5,07-09-2010,NA
KCP,10,1,02-09-2010,KCP
Dhanuka Agritec,10,2,02-09-2010,DHANUKA
Apollo Hospital,10,5,02-09-2010,APOLLOHOSP
Indian Hume,10,2,30-08-2010,INDIANHUME
Lupin,10,2,27-08-2010,LUPIN
Redington,10,2,20-08-2010,REDINGTON
HDFC,10,2,18-08-2010,HDFC
Magma Fincorp,10,2,13-08-2010,MAGMA
Gemstone Inv,10,1,13-08-2010,NA
Jayshree Tea,10,5,13-08-2010,JAYSREETEA
Rainbow Papers,10,2,11-08-2010,RAINBOWPAP
Edelweiss,5,1,10-08-2010,EDELWEISS
Farmax India,10,5,27-01-2010,FARMAXIND
Pratibha Ind,10,2,30-07-2010,PRATIBHA
Luharuka Media ,10,1,29-07-2010,NA
MMTC Ltd,10,1,29-07-2010,MMTC
Emami,2,1,21-07-2010,EMAMILTD
EICL,10,2,07-07-2010,NA
Tulip Telecom,10,2,06-07-2010,TULIP
Kriptol Ind,10,5,02-07-2010,NA
Tata Global Bev,10,1,30-06-2010,TATAGLOBAL
Allied Computer,1,10,29-06-2010,NA
Veritas,10,1,28-06-2010,NA
Chartered Logis,10,1,23-06-2010,NA
Genesys Int,10,5,23-06-2010,GENESYS
Sterlite Ind,2,1,21-06-2010,STER
Bodal Chemicals,10,2,10-06-2010,BODALCHEM
Kabra Extrusion,10,5,17-05-2010,KABRAEXTRU
EngineersInd,10,5,06-05-2010,ENGINERSIN
Vipul,2,1,04-05-2010,VIPULLTD
Manappuram Fin,10,2,03-05-2010,MANAPPURAM
Tatia Global,10,1,22-04-2010,NA
Unity Infraproj,10,2,07-04-2010,UNITY
M&M,10,5,29-03-2010,M&M
Simmonds-Marsha,10,2,29-03-2010,NA
KM Sugar Mills,10,2,26-03-2010,KMSUGAR
Ipca Labs,10,2,22-03-2010,IPCALAB
Murli,10,2,18-03-2010,MURLIIND
Suprajit Eng,5,1,18-03-2010,SUPRAJIT
LG Balakrishnan,1,10,15-03-2010,LGBBROSLTD
Well Pack Paper,10,1,15-03-2010,NA
India Sec,10,1,11-03-2010,INDIASEC
Vaarad Ventures,10,2,09-03-2010,NA
Sterlite Techno,5,2,09-03-2010,STRTECH
Basant Agro Tec,10,1,26-02-2010,NA
JMDE Packaging,10,1,26-02-2010,NA
Haldyn Glass,10,1,25-02-2010,NA
Aishwarya Tele,10,5,24-02-2010,NA
Assoc Stone,10,5,18-02-2010,ASOCSTONE
CCCL,10,2,10-02-2010,CCCL
KRBL,10,1,10-02-2010,KRBL
Asian Films,1,10,04-02-2010,NA
Bajaj Electric,10,2,28-01-2010,BAJAJELEC
Nakoda,10,5,22-01-2010,NAKODA
Visagar Polytex,10,1,21-01-2010,VIVIDHA
Winsome Yarns,10,1,21-01-2010,WINSOME
Mahan Ind,10,1,15-01-2010,NA
Lanco Infratech,10,1,04-01-2010,LITL
Munjal Auto Ind,10,2,29-12-2011,MUNJALAU
Odyssey Corp,10,5,23-12-2011,NA
DPSC,10,1,15-12-2011,DPSCLTD
Santowin Corp,10,2,16-05-2011,NA
GFL Financials,10,5,29-11-2011,NA
Mah Polybutenes,10,1,14-11-2011,NA
Sezal Glass,1,10,09-11-2011,SEZAL
Maximaa Systems,10,2,04-11-2011,NA
Dynacons Sys,1,10,03-11-2011,DSSL
Metkore Alloys,10,2,03-11-2011,METKORE
VIP Industries,10,2,31-10-2011,VIPIND
Innovative Tech,10,1,28-10-2011,NA
Blue Circle Ser,10,1,21-10-2011,NA
Best Eastern,10,2,20-10-2011,NA
Vertex Sec,10,2,17-10-2011,NA
Carborundum,2,1,05-10-2011,CARBORUNIV
Paisalo Digital,1,10,04-10-2011,PAISALO
Hatsun Agro,2,1,03-10-2011,HATSUN
BHEL,10,2,03-10-2011,BHEL
Nissan Copper,1,10,29-09-2011,NCOPPER
CRISIL,10,1,28-09-2011,CRISIL
Tata Power,10,1,26-09-2011,TATAPOWER
Khaitan Chem,10,1,14-09-2011,NA
Tilak Ventures,10,1,13-09-2011,NA
Banas Finance,10,1,12-09-2011,NA
TML-D,10,2,12-09-2011,TATAMTRDVR
Tata Motors,10,2,12-09-2011,TATAMOTORS
Vaarad Ventures,2,1,09-09-2011,NA
Supertex Ind,1,10,07-09-2011,NA
Nelcast,10,2,06-09-2011,NELCAST
Vijay Textiles,1,10,02-09-2011,NA
Walchand People,100,10,30-08-2011,NA
Rockon Fintech,5,1,25-08-2011,NA
PI Industries,10,5,17-08-2011,PIIND
CCL Internation,10,2,17-08-2011,NA
Va Tech Wabag,5,2,16-08-2011,WABAG
Grauer and Weil,10,1,11-08-2011,NA
GCV Services,10,5,23-02-2011,NA
Winsome Yarns,1,10,04-08-2011,WINSOME
Winsome Textile,1,10,15-07-2011,NA
Rallis India,10,1,15-07-2011,RALLIS
Oricon Ent,10,2,14-07-2011,ORICONENT
HDFC Bank,10,2,14-07-2011,HDFCBANK
Le Waterina,10,1,04-07-2011,NA
Titan Company,10,1,23-06-2011,TITAN
Cox & Kings,10,5,21-06-2011,COX&KINGS
Rasoya Protein,10,5,21-06-2011,RASOYPR
Windsor,4,2,16-06-2011,WINDMACHIN
Rain Industries,10,2,15-06-2011,RAIN
LS Industries,10,1,14-06-2011,NA
Chandni Textile,10,1,06-06-2011,NA
Minal Ind,10,2,02-06-2011,NA
Volant Tex,10,1,01-06-2011,NA
Hindoostan Mill,100,10,25-05-2011,NA
Bajaj Consumer ,5,1,05-05-2011,BAJAJCON
Intellivate Cap,10,1,27-04-2011,NA
Bafna Spinning,5,1,13-04-2011,NA
Tuni Textile,10,1,07-04-2011,NA
Nouveau Global,10,1,07-04-2011,NA
Dazzel Confi,10,1,31-03-2011,NA
Ador Fontech,10,2,28-03-2011,NA
Exelon Infra,10,5,24-03-2011,NA
NALCO,10,5,15-03-2011,NATIONALUM
Hind Zinc,10,2,07-03-2011,HINDZINC
Gujarat Metal,10,100,04-03-2011,NA
Nicco Parks,10,1,24-02-2011,NA
Visagar Fin,10,2,21-02-2011,NA
Jay Energy,10,2,14-02-2011,NA
Glodyne Techno,10,6,10-02-2011,GLODYNE
Aurobindo Pharm,5,1,10-02-2011,AUROPHARMA
ONGC,10,5,08-02-2011,ONGC
Aurum Soft,10,2,03-02-2011,NA
Coral Hub,1,10,03-02-2011,CORAL-HUB
Amrapali Ind,10,5,27-01-2011,NA
APM Industries,10,2,27-01-2011,NA
Rossell India,10,2,20-01-2011,ROSSELLIND
Shoppers Stop,10,5,12-01-2011,SHOPERSTOP
Neueon Towers,5,1,10-01-2011,NTL
Prism Info,10,1,06-01-2011,NA
Anukaran Commer,10,1,27-12-2012,NA
Ujaas Energy,10,1,21-12-2012,UJAAS
Global Infra,10,1,13-12-2012,NA
Setubandhan Inf,10,1,13-12-2012,SETUINFRA
Nouveau Global,1,10,10-12-2012,NA
Guj Narmada Fly,10,5,07-12-2012,NA
Sunbright Stock,10,5,07-12-2012,NA
Insta Finance,10,5,06-12-2012,NA
Nacl Industries,10,1,22-11-2012,NACLIND
Shalimar Paints,10,2,22-11-2012,SHALPAINTS
Ruby Mills,10,5,22-11-2012,RUBYMILLS
Bombay Burmah,10,2,08-11-2012,BBTC
Rockon Fintech,1,10,02-11-2012,NA
Kanani Ind,5,1,01-11-2012,KANANIIND
Sikozy Realtors,10,1,01-11-2012,NA
Unno Industries,10,1,01-11-2012,NA
SMS Techsoft,10,1,01-11-2012,NA
Baroda Extrusio,10,1,31-10-2012,NA
Bombay Dyeing,10,2,30-10-2012,BOMDYEING
Orissa Minerals,10,1,29-10-2012,ORISSAMINE
Amrutanjan Heal,10,2,25-10-2012,AMRUTANJAN
Dhenu Buildcon,10,1,25-10-2012,NA
Goenka Diamond,10,1,25-10-2012,GOENKA
DJS Stock,10,1,23-10-2012,NA
Zyden Gentec,1,10,26-09-2012,NA
Amara Raja Batt,2,1,25-09-2012,AMARAJABAT
GSFC,10,2,20-09-2012,GSFC
KMF Builders,10,5,17-08-2012,NA
VTM,10,1,16-08-2012,VTMLTD
Safal Herbs,10,1,09-08-2012,NA
Ajanta Pharma,10,5,09-08-2012,AJANTPHARM
Vandana,10,1,02-08-2012,NA
Steelcast,10,5,25-07-2012,NA
GRUH Finance,10,2,24-07-2012,GRUH
Zylog Systems,10,5,29-06-2012,ZYLOG
KCCL Plastic,10,2,18-06-2012,NA
Resurgere Mines,1,10,14-06-2012,RMMIL
Alpha Graphic,10,5,13-06-2012,NA
AVT Natural,10,1,07-06-2012,AVTNPL
Wagend Infra,10,2,06-06-2012,NA
Blazon Marbles,10,2,04-06-2012,NA
Gravita India,10,2,25-05-2012,GRAVITA
Indoco Remedies,10,2,17-05-2012,INDOCO
Arvind Remedies,1,10,14-05-2012,ARVINDREM
U. Y. Fincorp,10,5,03-05-2012,NA
IndiaNivesh,10,1,18-04-2012,NA
Vakrangee,10,1,12-04-2012,VAKRANGEE
Anjani Synth,1,10,28-03-2012,NA
JRI Industries,10,2,21-03-2012,NA
Mahan Ind,1,10,09-03-2012,NA
Nandan Denim,1,10,07-03-2012,NDL
Plastiblends,10,5,29-02-2012,PLASTIBLEN
Esaar (India),10,1,21-02-2012,NA
Radhe Developer,1,10,15-02-2012,NA
Camlin Fine,10,2,15-02-2012,CAMLINFINE
Symphony,10,2,15-02-2012,SYMPHONY
Indian Infotech,10,1,02-02-2012,NA
Nimbus Ind,10,5,27-01-2012,NA
Anka Ind,5,10,13-01-2012,NA
Confidence Fin,10,1,30-12-2013,NA
Universal Sec,10,5,26-12-2013,NA
KDJ Holidayscap,10,2,26-12-2013,NA
Bonanza Ind,10,5,19-12-2013,NA
Aikyam Intellec,10,1,13-12-2013,NA
First Financial,10,1,13-12-2013,NA
CIL Nova Petro,5,10,05-12-2013,CNOVAPETRO
Kaiser Corp,10,1,22-11-2013,NA
Pazel Internati,10,1,22-11-2013,NA
Relaxo Footwear,5,1,22-11-2013,RELAXO
Godrej Prop,10,5,21-11-2013,GODREJPROP
Best Eastern,2,1,14-11-2013,NA
Lifeline Drugs,10,1,13-11-2013,NA
Effingo Textile,10,1,13-11-2013,NA
Shree Nath Comm,1,10,31-10-2013,NA
Centron Ind,10,1,25-10-2013,NA
Ashiana Housing,10,2,24-10-2013,ASHIANA
Atharv Ent,10,1,18-10-2013,NA
Federal Bank,10,2,17-10-2013,FEDERALBNK
S R K Ind,10,5,11-10-2013,NA
Dhanleela,10,2,10-10-2013,NA
Rander Corp,10,1,09-10-2013,NA
Supremex,10,1,30-09-2013,NA
Ram Minerals,10,1,30-09-2013,NA
Kyra Landscapes,10,5,30-09-2013,NA
Intel Cap Adv,10,1,30-09-2013,NA
Mayur Uniquoter,10,5,25-09-2013,MAYURUNIQ
Nyssa Corp,10,1,16-09-2013,NA
Astral Poly Tec,5,2,05-09-2013,ASTRAL
Syncom Formula,10,1,19-08-2013,NA
CCL Products,10,2,19-08-2013,CCL
Virtual Global,10,1,14-08-2013,NA
Apcotex Ind,10,5,14-08-2013,APCOTEXIND
Neueon Towers,1,10,07-08-2013,NTL
Asian Paints,10,1,30-07-2013,ASIANPAINT
Kelvin Fincap,10,5,24-07-2013,NA
IFL Promoters,5,1,11-07-2013,NA
Advanta,10,2,05-07-2013,ADVANTA
Centrum Capital,10,1,03-07-2013,CENTRUM
Ashoka Buildcon,10,5,03-07-2013,ASHOKA
Westlife Dev,10,2,12-06-2013,WESTLIFE
Midland Polymer,10,1,10-06-2013,NA
Linkson Intl,10,5,06-06-2013,NA
MSR India,10,5,31-05-2013,NA
Mahavir Impex,10,5,17-05-2013,NA
Pine Animation,10,1,17-05-2013,NA
Veronica Prod,10,5,26-04-2013,NA
Safal Sec,10,5,23-04-2013,NA
PI Industries,5,1,12-04-2013,PIIND
Shekhawati Poly,10,1,10-04-2013,SPYL
Surabhi Chemica,10,1,10-04-2013,NA
Sybly Ind,1,10,04-04-2013,NA
Mindvision Cap,5,10,26-03-2013,NA
Bil Energy,10,1,26-03-2013,BILENERGY
Rasoya Protein,5,1,21-03-2013,RASOYPR
GFL Financials,5,2,18-03-2013,NA
Shree Shaleen,10,2,06-03-2013,NA
Raj Rayon Ind,10,1,04-03-2013,RAJRAYON
VKS Projects,10,1,27-02-2013,VKSPL
M&M Financial,10,2,15-02-2013,M&MFIN
PMC Fincorp,10,5,07-02-2013,NA
Sulabh Engineer,10,1,04-02-2013,NA
Frontline Sol,10,5,31-01-2013,NA
Radford Global,10,2,29-01-2013,NA
20 Microns,10,5,28-01-2013,20MICRONS
ACI Infocom,10,1,23-01-2013,NA
Moryo,10,5,14-01-2013,NA
Global Cap Mkts,1,10,10-01-2013,NA
Visesh Infotech,10,1,03-01-2013,VISESHINFO
Apollo Tricoat ,10,2,31-12-2014,NA
Omansh Ente,10,2,24-12-2014,NA
Info Drive Soft,10,1,24-12-2014,INFODRIVE
Shivamshree Bus,10,1,24-12-2014,NA
Inceptum Ent,10,1,18-12-2014,NA
JK Tyre & Ind,10,2,18-12-2014,JKTYRE
PNB,10,2,18-12-2014,PNB
Syschem India,1,10,12-12-2014,NA
ICICI Bank,10,2,04-12-2014,ICICIBANK
Godfrey Phillip,10,2,28-11-2014,GODFRYPHLP
Roto Pumps,10,2,27-11-2014,NA
Classic Global,10,1,27-11-2014,NA
Surana Telecom,5,1,25-11-2014,SURANAT&P
Surana Solar,10,5,25-11-2014,SURANASOL
Zen Tech,10,1,21-11-2014,ZENTEC
Sanguine Media ,10,1,20-11-2014,NA
Excel Castronic,10,2,20-11-2014,NA
SBI,10,1,20-11-2014,SBIN
Solis Marketing,10,1,18-11-2014,NA
NCL Research,10,2,17-11-2014,NA
Achal Invest,10,1,12-11-2014,NA
Shivam Auto,10,2,30-10-2014,SHIVAMAUTO
GCM Securities,10,1,28-10-2014,NA
Kridhan Infra,10,2,27-10-2014,KRIDHANINF
PMC Fincorp,5,1,22-10-2014,NA
Midas Infra,10,1,21-10-2014,NA
Sequel e-Router,1,10,17-10-2014,NA
Negotium Int,10,1,16-10-2014,NA
JBM Auto,10,5,08-10-2014,JBMA
Veronica Prod,5,1,08-10-2014,NA
Risa Intl,10,2,07-10-2014,NA
Sudarshan Chem,10,2,30-09-2014,SUDARSCHEM
Astral Poly Tec,2,1,25-09-2014,ASTRAL
Mah Corporation,10,1,25-09-2014,NA
La Opala RG,10,2,24-09-2014,LAOPALA
Southern Ispat,10,1,22-09-2014,SOUISPAT
Vertex Spinning,1,10,19-09-2014,NA
Panama Petro,10,2,19-09-2014,PANAMAPET
Atul Auto,10,5,12-09-2014,ATULAUTO
Allied Computer,10,1,11-09-2014,NA
Alkyl Amines,10,5,08-09-2014,ALKYLAMINE
Camlin Fine,2,1,04-09-2014,CAMLINFINE
JK Bank,10,1,04-09-2014,J&KBANK
PS IT Infra,10,1,03-09-2014,NA
Man Infra,10,2,28-08-2014,MANINFRA
Havells India,5,1,26-08-2014,HAVELLS
Zodiac Ventures,10,1,21-08-2014,NA
Mystic Electr,10,1,14-08-2014,NA
Mukta Agri,10,1,14-08-2014,NA
Alps Motor Fin,10,1,04-08-2014,NA
Axis Bank,10,2,28-07-2014,AXISBANK
Swadeshi Ind,10,1,02-07-2014,NA
Orosil Smiths,10,5,26-06-2014,NA
Thacker,10,5,10-01-2014,NA
Deepak Nitrite,10,2,20-06-2014,DEEPAKNTR
Greencrest Fin,10,1,05-06-2014,NA
Trinity Trade,10,1,23-05-2014,NA
Rekvina Labs,10,5,30-04-2014,NA
Kriptol Ind,5,10,23-04-2014,NA
Cubical Fin Ser,10,2,23-04-2014,NA
Matra Kaushal,10,1,23-04-2014,NA
Swagruha Infra,10,1,04-04-2014,NA
CHL,10,2,03-04-2014,NA
Vikas Ecotech,10,1,27-03-2014,VIKASECO
Raj Television,10,5,25-03-2014,RAJTV
Aarya Global,1,10,19-03-2014,NA
Vishvjyoti Trad,10,1,19-03-2014,NA
Premier Cap,10,1,19-03-2014,NA
Atlanta Infra,10,1,14-03-2014,NA
Him Teknoforge ,10,2,03-03-2014,NA
Finkurve Fin,10,1,26-02-2014,NA
R Systems Intl,10,1,26-02-2014,RSYSTEMS
Sharon Bio Medi,10,2,20-02-2014,SHARONBIO
Swan Energy,2,1,03-02-2014,SWANENERGY
Sam Leaseco,10,1,29-01-2014,NA
Kaveri Seed,10,2,27-01-2014,KSCL
BS Limited,10,1,21-01-2014,BSLIMITED
Mishka Finance,10,1,16-01-2014,NA
Cressanda Sol,10,1,13-01-2014,NA
Maa Jagdambe,10,2,09-01-2014,NA
Nivyah Infra,10,100,07-01-2014,NIVINFRA
Chaman Lal Seti,10,2,29-12-2015,NA
MFL India,10,1,22-12-2015,NA
Indian Terrain,10,2,21-12-2015,INDTERRAIN
SMS Pharma,10,1,17-12-2015,SMSPHARMA
Setco Auto,10,2,16-12-2015,SETCO
Citizen Yarns,10,5,16-12-2015,NA
Noble Polymers,10,5,16-12-2015,NA
Jackson Invt,10,1,15-12-2015,NA
Khoobsurat,10,1,14-12-2015,NA
J Kumar Infra,10,5,10-12-2015,JKIL
CCL Internation,2,10,04-12-2015,NA
Jamna Auto,10,5,03-12-2015,JAMNAAUTO
Sharp Invest,10,1,02-12-2015,NA
Vivid Global,10,5,02-12-2015,NA
Vitan Agro,10,1,26-11-2015,NA
Rander Corp,1,10,26-11-2015,NA
Natco Pharma,10,2,26-11-2015,NATCOPHARM
Avanti Feeds,10,2,26-11-2015,AVANTIFEED
Assoc Stone,5,1,26-11-2015,ASOCSTONE
Shilpa,2,1,06-11-2015,SHILPAMED
Infronics Syst,5,10,05-11-2015,NA
Mahalaxmi Rub,1,10,05-11-2015,NA
Inceptum Ent,1,10,03-11-2015,NA
Mahavir Ind,10,5,02-11-2015,NA
Diligent Ind,10,5,30-10-2015,NA
Kesar Petro,10,1,30-10-2015,NA
Negotium Int,1,10,29-10-2015,NA
Quasar India,10,1,12-02-2015,NA
Sarla Performan,10,1,29-10-2015,SARLAPOLY
Mudunuru,10,2,15-10-2015,NA
Oripro,10,2,15-10-2015,NA
Lambodhara Text,10,5,15-10-2015,LAMBODHARA
Bata India,10,5,07-10-2015,BATAINDIA
Cadila Health,5,1,06-10-2015,CADILAHC
Toyam Ind,10,1,05-10-2015,NA
Alankit,10,2,23-09-2015,ALANKIT
Samtex Fashions,10,2,22-09-2015,NA
Aegis Logistics,10,1,16-09-2015,AEGISCHEM
Urja Global,10,1,16-09-2015,URJA
Kushal,10,2,03-09-2015,NA
ITD Cementation,10,1,21-08-2015,ITDCEM
Signet Ind,10,1,17-08-2015,SIGIND
Kausambi Vanij,10,1,14-08-2015,NA
High Ground Ent,10,1,16-07-2015,HIGHGROUND
Birdhi Chand,10,1,02-07-2015,NA
JMT Auto,10,2,25-06-2015,JMTAUTOLTD
ASIS Logistics,100,1,12-06-2015,NA
Fineotex Chem,10,2,11-06-2015,FCL
Sunstar Realty,10,1,04-06-2015,NA
Elpro Int,10,2,04-06-2015,ELPROINTL
Rollatainers,10,2,04-06-2015,ROLLT
Kkalpana Ind,10,2,21-05-2015,NA
Shri Mahalaxmi,10,5,18-05-2015,NA
Rasi Electrodes,10,2,11-05-2015,NA
Indag Rubber,10,2,23-04-2015,NA
Titagarh Wagons,10,2,23-04-2015,TWL
Arnold Holdings,10,2,16-04-2015,NA
Pitti Engineeri,10,5,16-04-2015,PITTIENG
Menon Bearings,5,1,09-04-2015,MENONBE
KSS,10,1,30-03-2015,KSERASERA
Millennium,10,1,30-03-2015,NA
Rajlaxmi Ind,10,1,27-03-2015,NA
Kansai Nerolac,10,1,26-03-2015,KANSAINER
Panafic Ind,10,1,25-03-2015,NA
Granules India,10,1,23-03-2015,GRANULES
Ajanta Pharma,5,2,20-03-2015,AJANTPHARM
Tech Mahindra,10,5,19-03-2015,TECHM
Monotype India ,10,1,16-03-2015,NA
Aplaya Creation,10,1,11-03-2015,NA
Channel Nine,10,1,02-03-2015,NA
Amines Plast,10,2,27-02-2015,NA
Hikal,10,2,27-02-2015,HIKAL
Grandma Trading,10,1,26-02-2015,NA
Bala Techno,10,1,25-02-2015,NA
HPC Bio,10,1,20-02-2015,NA
Zyden Gentec,10,2,18-02-2015,NA
Yamini Invt,10,1,18-02-2015,NA
Esteem Bio,10,1,11-02-2015,NA
Him Fibres,10,1,09-02-2015,NA
Poly Medicure,10,5,02-02-2015,POLYMED
Tata Coffee,10,1,23-01-2015,TATACOFFEE
Corporation Bk,10,2,22-01-2015,CORPBANK
Bank of Baroda,10,2,22-01-2015,BANKBARODA
RS Software,10,5,21-01-2015,RSSOFTWARE
Berger Paints,2,1,08-01-2015,BERGEPAINT
Eco Friendly,10,1,08-01-2015,NA
Hathway Cable,10,2,06-01-2015,HATHWAY
Minda Corp,10,2,05-01-2015,MINDACORP
Gulshan Poly,5,1,27-12-2016,GULPOLY
Shree Global,5,1,21-12-2016,NA
TTI Enterprise,2,10,21-12-2016,NA
Alankit,2,1,15-12-2016,ALANKIT
KNR Construct,10,2,13-12-2016,KNRCON
Chandni Textile,1,10,08-12-2016,NA
Satkar Finlease,10,1,08-12-2016,NA
Sunil HitechEng,10,1,01-12-2016,SUNILHITEC
KPR Mill,10,5,29-11-2016,KPRMILL
Veerhealth Care,1,10,29-11-2016,NIYATILEAS
Mangalam Ind,10,1,29-11-2016,NA
Capri Global,10,2,23-11-2016,CGCL
Karur Vysya,10,2,17-11-2016,KARURVYSYA
Indo Count,10,2,11-11-2016,ICIL
Inani Marbles,10,2,10-11-2016,NA
Vama Ind,10,2,02-11-2016,NA
Gold Line,10,1,28-10-2016,NA
Bhageria Indu,10,5,26-10-2016,BHAGERIA
Negotium Int,10,1,25-10-2016,NA
VKJ Infra,10,1,25-10-2016,NA
Viji Finance,10,1,25-10-2016,VIJIFIN
Menon Pistons,10,1,20-10-2016,NA
Welcon Internat,10,1,20-10-2016,NA
Caplin Labs,10,2,19-10-2016,CAPLIPOINT
Srestha Finvest,10,2,13-10-2016,NA
Safal Sec,5,10,13-10-2016,NA
Gyscoal Alloys,10,1,13-10-2016,GAL
Pact Industries,10,1,10-10-2016,NA
8K Miles Soft,10,5,10-10-2016,8KMILES
Grasim,10,2,06-10-2016,GRASIM
Diamond Info,10,1,04-10-2016,NA
Kajaria Ceramic,2,1,04-10-2016,KAJARIACER
Rollatainers,2,1,22-09-2016,ROLLT
JMT Auto,2,1,21-09-2016,JMTAUTOLTD
Minda Ind,10,2,12-09-2016,MINDAIND
Trent,10,1,12-09-2016,TRENT
Bajaj Finance,10,2,08-09-2016,BAJFINANCE
Mishtann Foods,10,1,08-09-2016,NA
HICS Cements,10,1,08-09-2016,NA
Chembond Chem,10,5,06-09-2016,NA
V-Guard Ind,10,1,30-08-2016,VGUARD
Pil Italica,4,1,24-08-2016,PILITA
PNC Infratech,10,2,12-08-2016,PNCINFRA
Kesar Terminals,10,5,11-08-2016,KTIL
Bombay Wire Rop,10,1,09-08-2016,NA
Lloyds Metals,2,1,26-07-2016,LLOYDMETAL
Solar Ind,10,2,13-07-2016,SOLARINDS
Lux Industries,10,2,06-06-2016,LUXIND
NBCC (India),10,2,02-06-2016,NBCC
Transcorp Intl,10,2,13-05-2016,NA
PS IT Infra,1,10,11-05-2016,NA
Amba Enterprise,10,5,09-05-2016,NA
Palred Tech,5,10,26-04-2016,PALREDTEC
ABM Knowledg,10,5,07-04-2016,NA
Adithya Aqua,10,5,06-04-2016,NA
Blue Cloud,10,5,06-04-2016,NA
Vivimed Labs,10,2,06-04-2016,VIVIMEDLAB
Uttam Value,5,1,28-03-2016,UVSL
Synthiko Foils,10,5,22-03-2016,NA
Veer Energy,1,10,22-03-2016,NA
Precision Wires,10,5,21-03-2016,PRECWIRE
Welspun India,10,1,21-03-2016,WELSPUNIND
Tide Water Oil,10,5,16-03-2016,TIDEWATER
Rama Steel Tube,10,5,14-03-2016,RAMASTEEL
Prakash Steelag,10,1,03-03-2016,PRAKASHSTL
Sequent Scienti,10,2,25-02-2016,SEQUENT
Bhandari Hosier,10,1,25-02-2016,BHANDARI
Vegetable Prod,10,1,18-02-2016,NA
Mold Tek Tech,10,2,17-02-2016,MOLDTECH
Mold-Tek Pack,10,5,17-02-2016,MOLDTKPAC
Mystic Electr,1,10,08-02-2016,NA
Netlink Sol,1,10,28-01-2016,NA
Mukta Agri,1,10,14-01-2016,NA
Stampede Cap,10,1,07-01-2016,STAMPEDE
Greenply Ind,5,1,06-01-2016,GREENPLY
Confidence Fin,1,10,27-12-2017,NA
Jindal Worldwid,10,5,26-12-2017,JINDWORLD
Premier Pipes,10,5,22-12-2017,NA
Advik Capital ,10,1,14-12-2017,NA
JMD Ventures,1,10,04-12-2017,NA
Universal Sec,5,1,04-12-2017,NA
Akar Auto Indus,10,5,29-11-2017,NA
Esaar (India),1,10,10-11-2017,NA
IGL,10,2,09-11-2017,IGL
Jagdamba Polyme,10,1,01-11-2017,NA
Atlas Cycles,10,5,30-10-2017,ATLASCYCLE
BAMPSL Sec,1,10,26-10-2017,NA
Siyaram Silk,10,2,25-10-2017,SIYSIL
Vishal Fabrics,10,5,24-10-2017,VISHAL
Blue Circle Ser,1,10,23-10-2017,NA
Pokarna,10,2,18-10-2017,POKARNA
Dwekam Industri,10,1,28-04-2017,NA
Can Fin Homes,10,2,12-10-2017,CANFINHOME
Heritage Foods,10,5,10-10-2017,HERITGFOOD
Jamna Auto,5,1,05-10-2017,JAMNAAUTO
IND Renewable,1,10,29-09-2017,NA
Everlon Synth,1,10,29-09-2017,NA
Transformers,10,1,28-09-2017,TRIL
Trans & Electr,10,1,28-09-2017,NA
Elpro Int,2,1,27-09-2017,ELPROINTL
Sutlej Textiles,10,1,26-09-2017,SUTLEJTEX
Safari Ind,10,2,22-09-2017,SAFARI
Yes Bank,10,2,21-09-2017,YESBANK
NESCO,10,2,15-09-2017,NESCO
Borosil Glass,10,1,14-09-2017,BOROSIL
Deccan Cements,10,5,11-09-2017,DECCANCE
Dollar Ind,10,2,31-08-2017,DOLLAR
Infibeam Avenue,10,1,31-08-2017,INFIBEAM
Banas Finance,1,10,29-08-2017,NA
Orosil Smiths,5,1,24-08-2017,NA
Global Infra,1,10,23-08-2017,NA
Dwarikesh Sugar,10,1,10-08-2017,DWARKESH
Coral India Fin,10,2,03-08-2017,CORALFINAC
Sai Baba Invest,10,1,27-07-2017,NA
Sunteck Realty,2,1,25-07-2017,SUNTECK
Navin Fluorine,10,2,19-07-2017,NAVINFLUOR
Arcotech,10,2,22-06-2017,ARCOTECH
SKS,10,2,22-06-2017,SKSIND
Hind Composites,10,5,25-05-2017,HINDCOMPOS
Advanced Enzyme,10,2,25-05-2017,ADVENZYMES
Mangal Credit,10,1,17-05-2017,NA
Mishtann Foods,1,10,05-05-2017,NA
HICS Cements,1,10,05-05-2017,NA
Beardsell,10,2,04-05-2017,BEARDSELL
BLS Internation,10,1,26-04-2017,BLS
Avance Tech,1,10,24-04-2017,NA
Maral Finance,1,10,13-04-2017,NA
Ontic Finserve,1,10,13-04-2017,NA
Veronica Prod,1,10,23-03-2017,NA
SVC Resources,1,10,23-03-2017,NA
Bharat Elec,10,1,16-03-2017,BEL
Viaan Ind,10,1,09-03-2017,NA
Aadhaar Venture,1,10,02-03-2017,NA
Nutraplus India,10,5,27-02-2017,NA
Allied Computer,1,10,17-02-2017,NA
Dwitiya Trading,10,2,17-02-2017,NA
Compuage Info,10,2,16-02-2017,COMPINFO
Gayatri Project,10,2,10-02-2017,GAYAPROJ
LT Foods,10,1,07-02-2017,DAAWAT
Rasoi,10,200,02-02-2017,NA
Khemani Distrib,10,5,02-02-2017,NA
Kallam Spinning,10,2,02-02-2017,NA
Ushdev Intl,10,1,30-01-2017,USHDEVINT
Sanguine Media ,1,10,19-01-2017,NA
Sterling Tools,10,2,09-01-2017,STERTOOLS
JSW Steel,10,1,04-01-2017,JSWSTEEL
Sayaji Industri,10,5,27-12-2018,NA
ORIENTAL AROMAT,10,5,13-12-2018,OAL
Britannia,2,1,29-11-2018,BRITANNIA
Mangal Credit,1,10,26-11-2018,NA
Brijlaxmi Lease,1,10,15-11-2018,NA
Oriental Veneer,10,1,14-11-2018,NA
SEL,10,1,12-11-2018,SAKUMA
KIC Metaliks,10,2,02-11-2018,NA
Mishtann Foods,10,1,01-11-2018,NA
HICS Cements,10,1,01-11-2018,NA
DFM Foods,10,2,01-11-2018,DFMFOODS
Jindal Worldwid,5,1,31-10-2018,JINDWORLD
Damodar Ind,10,5,25-10-2018,DAMODARIND
Frontline Sec,10,5,22-10-2018,NA
Colorchips New ,1,10,22-10-2018,NA
IEX,10,1,19-10-2018,IEX
Apollo Sindoori,10,5,12-10-2018,APOLSINHOT
Unimode Oversea,1,10,11-10-2018,NA
JMC Projects,10,2,04-10-2018,JMCPROJECT
Kirloskar Pneum,10,2,26-09-2018,KGKHOSLA
Captain Poly,10,2,19-09-2018,NA
Generic Eng,10,5,17-09-2018,NA
Zensar Tech,10,2,07-09-2018,ZENSARTECH
Thirumalai Chem,10,1,14-08-2018,TIRUMALCHM
Airan,10,2,14-08-2018,AIRAN
Signet Ind,1,10,13-08-2018,SIGIND
DIL,10,5,08-08-2018,NA
Gallantt Ispat,10,1,07-08-2018,GALLISPAT
Otco Intl,10,2,10-07-2018,NA
Shrenik,10,2,09-07-2018,SHRENIK
Filatex India,10,2,27-06-2018,FILATEX
Container Corp,10,5,26-06-2018,CONCOR
Avanti Feeds,2,1,26-06-2018,AVANTIFEED
Uniply Ind,10,2,25-06-2018,UNIPLY
Vikas Proppant ,10,1,22-06-2018,VIKASPROP
United Spirits,10,2,15-06-2018,MCDOWELL-N
Swadeshi Ind,1,10,14-06-2018,NA
B C Power Contr,10,2,14-06-2018,BCP
Lumax Auto Tech,10,2,07-06-2018,LUMAXTECH
Gaekwar Mills,100,10,31-05-2018,NA
Gala Global Prd,10,5,10-05-2018,NA
Citurgia Bioche,10,2,26-04-2018,CITURGIBIO
NBCC (India),2,1,25-04-2018,NBCC
A Infra.,10,5,20-04-2018,NA
Foods and Inns,10,1,19-04-2018,NA
Shivalik Rasa,10,5,19-04-2018,NA
Phillips Carbon,10,2,19-04-2018,PHILIPCARB
Think Ink Studi,10,1,17-04-2018,NA
Amrutanjan Heal,2,1,13-04-2018,AMRUTANJAN
Atharv Ent,1,10,12-04-2018,NA
Ruchika Industr,10,5,10-04-2018,NA
Marathon Realty,10,5,05-04-2018,MARATHON
India Nippon,10,5,21-03-2018,INDNIPPON
SRS Finance,10,1,09-02-2018,NA
Singer India,10,2,17-01-2018,SINGER
Super Crop Safe,10,2,04-01-2018,NA
Satia Ind,10,1,15-10-2019,SATIA
HDFC Bank,2,1,19-09-2019,HDFCBANK
Prime Industrie,10,5,12-09-2019,NA
Master Trust,10,5,26-08-2019,NA
Seshasayee Pape,10,2,19-08-2019,SESHAPAPER
Sinnar Bidi,10,5,30-07-2019,NA
Apcotex Ind,5,2,04-07-2019,APCOTEXIND
Cholamandalam,10,2,14-06-2019,CHOLAFIN
Ekam Leasing,10,5,14-06-2019,NA
Jullundur Motor,10,2,14-05-2019,JMA
Orient Trade,10,2,07-05-2019,NA
Madhav Copper,10,5,02-05-2019,MCL
Dhanleela,2,5,12-04-2019,NA
Lesha Ind,10,1,11-04-2019,NA
Generic Pharmas,10,1,11-04-2019,NA
Woodsvilla,10,5,04-04-2019,NA
Sai Baba Invest,1,10,28-03-2019,NA
ISGEC Heavy Eng,10,1,28-03-2019,SARASIND
Nitin Castings,10,5,14-03-2019,NA
Kedia Construct,10,5,14-03-2019,NA
ISL Consulting,10,5,08-03-2019,NA
Jam Shri Ranjit,10,1000,21-02-2019,NA
Music Broadcast,10,2,20-02-2019,RADIOCITY
The Indian Wood,10,2,15-02-2019,NA
Sadhana Nitro,10,5,29-01-2019,NA
Comfort,1,10,24-01-2019,NA
Gujarat Gas,10,2,15-01-2019,GUJGASLTD
Acrysil India,10,2,10-01-2019,NA
